Preceding Words,Misspelled Word,Correct Word,Error Type
orchestrating,Celetial,Celestial,Missing,Letters
Celestial,zenadksl,Zebra,Mixed,Up,Letters
Zebra,lsdkad,mountain,Mixed,Up,Letters
mountain,ka;sd,Venture,Mixed,Up,Letters
Venture,k;ad,Bliss,Mixed,Up,Letters
Bliss,s;k,Tantalizing,Mixed,Up,Letters
Tantalizing,kajfl,"feelings,",Mixed,Up,Letters
"feelings,",kjasf,shared,Mixed,Up,Letters
shared,jlkafsj,human,Mixed,Up,Letters
human,ajkf,"paragraphs,",Mixed,Up,Letters
"paragraphs,",ajskf,Notebook,Mixed,Up,Letters
Notebook,askfj,Whimsy,Mixed,Up,Letters
Whimsy,kjfaskl,Elusive,Mixed,Up,Letters
Elusive,jlkasjf,Xenodochial,Mixed,Up,Letters
Xenodochial,kjafsklfj,Yodel,Mixed,Up,Letters
Yodel,klasjfflk,Kick,Mixed,Up,Letters
Kick,jfaskfj,Jubilation,Mixed,Up,Letters
Jubilation,klsjfkjf,Laugh,Mixed,Up,Letters
Laugh,lkjasfjskaljf,Understand,Mixed,Up,Letters
Understand,jfklsjfkasjfjaskjfk,Delightful,Mixed,Up,Letters
Delightful,jaksjflk,Radiance,Mixed,Up,Letters
Radiance,jalkfsjflkjsafja,Gaze,Mixed,Up,Letters
Gaze,faslkfjasfjaksjfajskfjaksjfkasjfkj,Quench,Mixed,Up,Letters
Quench,jfsfjaskjfksjf,Assemble,Mixed,Up,Letters
Assemble,fjasj,Infinity,Mixed,Up,Letters
Infinity,fakjffj,Opulent,Mixed,Up,Letters
Opulent,ajsfkaj,communication,Mixed,Up,Letters
communication,jafksjfkljasfaj,Zealous,Mixed,Up,Letters
Zealous,kfajsfj,Mysterious,Mixed,Up,Letters
Mysterious,kjsfajsf,Vitality,Mixed,Up,Letters
Vitality,jsafja,Bright,Mixed,Up,Letters
Bright,jasjfj,Tender,Mixed,Up,Letters
Tender,aksjfegjfksj,Flamboyant,Mixed,Up,Letters
Flamboyant,djflsjdgifihj,Serene,Mixed,Up,Letters
Serene,dlkfj,Hypnotic,Mixed,Up,Letters
Hypnotic,dfi,Piquant,Mixed,Up,Letters
Piquant,jsak,Nocturnal,Mixed,Up,Letters
Nocturnal,jafjaskd,Whisper,Mixed,Up,Letters
Whisper,oifjdkjfl,eloquent,Mixed,Up,Letters
eloquent,wifbnj,Xenodochial,Mixed,Up,Letters
Xenodochial,kajsj,Yacht,Mixed,Up,Letters
Yacht,jflkdjsaosk,Kaleidoscopic,Mixed,Up,Letters
Kaleidoscopic,jfkdsfkl,Jubilant,Mixed,Up,Letters
Jubilant,aksd;l,linguistic,Mixed,Up,Letters
linguistic,jfakljf,Unique,Mixed,Up,Letters
Jubilation,klas,Resplendent,Mixed,Up,Letters
Resplendent,jalksjd,Gaze,Mixed,Up,Letters
Gaze,asjdk,mosaic,Mixed,Up,Letters
mosaic,jasdlk,Violin,Mixed,Up,Letters
Violin,alksdj,Hike,Mixed,Up,Letters
Hike,lkdj,Yielding,Mixed,Up,Letters
Yielding,aksd,Nurturing,Mixed,Up,Letters
Nurturing,asdjlka,Fragrant,Mixed,Up,Letters
Fragrant,jlka,Delightful,Mixed,Up,Letters
Delightful,djsd,weaves,Mixed,Up,Letters
weaves,lksjd,Ornate,Mixed,Up,Letters
Ornate,ad,Incandescent,Missing,Letters
Incandescent,jaskld,Quirky,Mixed,Up,Letters
Quirky,jslk,Lamp,Mixed,Up,Letters
Lamp,lksjd,Zigzag,Mixed,Up,Letters
Zigzag,kjs,Xerox,Mixed,Up,Letters
Xerox,ajsd,Unique,Mixed,Up,Letters
Unique,jlkadj,Kind,Mixed,Up,Letters
Kind,jslakd,art,Mixed,Up,Letters
art,j,Bake,Mixed,Up,Letters
Bake,jsaldj,experience's,Mixed,Up,Letters
experience's,jklasdl,"paragraphs,",Mixed,Up,Letters
"paragraphs,",jkj,traverse,Mixed,Up,Letters
traverse,ajsd,cascading,Mixed,Up,Letters
cascading,ljkaskdj,Serendipity,Mixed,Up,Letters
Serendipity,j,Juggle,Mixed,Up,Letters
Juggle,kladj,Radiant,Mixed,Up,Letters
Radiant,jaslkjd,Grow,Mixed,Up,Letters
Grow,jd,Modest,Mixed,Up,Letters
Modest,ajsld,Verdant,Mixed,Up,Letters
Verdant,jadsljd,Hopeful,Mixed,Up,Letters
Hopeful,kla,Youthful,Mixed,Up,Letters
Youthful,jlasjd,Noble,Mixed,Up,Letters
Noble,kl,Flamboyant,Mixed,Up,Letters
Flamboyant,jaslkdjkl,Dusk,Mixed,Up,Letters
Dusk,jaskldjklasdlajsdklajsdkljalksjdlak,Whisper,Mixed,Up,Letters
Whisper,ljdasldjkasldajsdlkjakldjlkasjdklasdjaslkdj,Oasis,Mixed,Up,Letters
Oasis,sjdalkjd,ice,Mixed,Up,Letters
Daring,Und,Understand,Missing,Letters
Grateful,Zhehy,Zephyr,Mixed,Up,Letters
Kite,mountai,mountain,Missing,Letters
Foliage,Aminn,Amiable,Mixed,Up,Letters
vast.,Halcyo,Halcyon,Missing,Letters
Halcyon,amicable,Amicable,Missing,Letters
Amicable,Infinty,Infinity,Missing,Letters
Infinity,Nebulas,Nebulous,Mixed,Up,Letters
letter,m,minds,Missing,Letters
alchemy,Murture,Nurture,Missing,Letters
minds,Quencg,Quench,Missing,Letters
letter,lettter,letter,Missing,Letters
shared,Melli,Mellifluous,Missing,Letters
Illuminate,Adobe,Abode,Mixed,Up,Letters
Flower,paragraphs,"paragraphs,",Missing,Letters
Radiant,Quazar,Quasar,Missing,Letters
Quasar,langu,language,Missing,Letters
Sing,Qusar,Quasar,Missing,Letters
Glide,vast,vast.,Missing,Letters
Sing,Boun,Bountiful,Missing,Letters
Rainbow,Ke,Kaleidoscopic,Missing,Letters
Voices,Zoon,Zoom,Missing,Letters
Bliss,Radianace,Radiance,Missing,Letters
Kindhearted,orch,orchestrating,Missing,Letters
Lustrous,traver,traverse,Missing,Letters
Serendipity,Vi,Violin,Missing,Letters
Violin,Flamb,Flamboyant,Missing,Letters
persuasion,coom,communication,Mixed,Up,Letters
